{
    "RandomForestClassifier": {
        "train_report": {
            "0": {
                "precision": 1.0,
                "recall": 1.0,
                "f1-score": 1.0,
                "support": 5957.0
            },
            "1": {
                "precision": 1.0,
                "recall": 1.0,
                "f1-score": 1.0,
                "support": 1131.0
            },
            "accuracy": 1.0,
            "macro avg": {
                "precision": 1.0,
                "recall": 1.0,
                "f1-score": 1.0,
                "support": 7088.0
            },
            "weighted avg": {
                "precision": 1.0,
                "recall": 1.0,
                "f1-score": 1.0,
                "support": 7088.0
            }
        },
        "test_report": {
            "0": {
                "precision": 0.9689561505626698,
                "recall": 0.9819111285882816,
                "f1-score": 0.975390625,
                "support": 2543.0
            },
            "1": {
                "precision": 0.9004329004329005,
                "recall": 0.8387096774193549,
                "f1-score": 0.8684759916492694,
                "support": 496.0
            },
            "accuracy": 0.9585389930898321,
            "macro avg": {
                "precision": 0.9346945254977852,
                "recall": 0.9103104030038183,
                "f1-score": 0.9219333083246346,
                "support": 3039.0
            },
            "weighted avg": {
                "precision": 0.9577723624533031,
                "recall": 0.9585389930898321,
                "f1-score": 0.957940918470891,
                "support": 3039.0
            }
        }
    },
    "LogisticRegression": {
        "train_report": {
            "0": {
                "precision": 0.9214584002569868,
                "recall": 0.9630686587208326,
                "f1-score": 0.9418041533284084,
                "support": 5957.0
            },
            "1": {
                "precision": 0.7447795823665894,
                "recall": 0.5676392572944297,
                "f1-score": 0.6442548921224285,
                "support": 1131.0
            },
            "accuracy": 0.899971783295711,
            "macro avg": {
                "precision": 0.833118991311788,
                "recall": 0.7653539580076312,
                "f1-score": 0.7930295227254185,
                "support": 7088.0
            },
            "weighted avg": {
                "precision": 0.8932665629214845,
                "recall": 0.899971783295711,
                "f1-score": 0.8943255677719802,
                "support": 7088.0
            }
        },
        "test_report": {
            "0": {
                "precision": 0.9137546468401487,
                "recall": 0.9665749115218246,
                "f1-score": 0.9394228931779094,
                "support": 2543.0
            },
            "1": {
                "precision": 0.7564469914040115,
                "recall": 0.532258064516129,
                "f1-score": 0.6248520710059171,
                "support": 496.0
            },
            "accuracy": 0.8956893715037841,
            "macro avg": {
                "precision": 0.8351008191220801,
                "recall": 0.7494164880189769,
                "f1-score": 0.7821374820919132,
                "support": 3039.0
            },
            "weighted avg": {
                "precision": 0.8880802154165476,
                "recall": 0.8956893715037841,
                "f1-score": 0.8880812914018948,
                "support": 3039.0
            }
        }
    }
}