{
    "RandomForestClassifier": {
        "train_report": {
            "0": {
                "precision": 0.9979896130005026,
                "recall": 1.0,
                "f1-score": 0.9989937950695958,
                "support": 5957.0
            },
            "1": {
                "precision": 1.0,
                "recall": 0.9893899204244032,
                "f1-score": 0.9946666666666667,
                "support": 1131.0
            },
            "accuracy": 0.9983069977426636,
            "macro avg": {
                "precision": 0.9989948065002513,
                "recall": 0.9946949602122016,
                "f1-score": 0.9968302308681313,
                "support": 7088.0
            },
            "weighted avg": {
                "precision": 0.9983104013323919,
                "recall": 0.9983069977426636,
                "f1-score": 0.9983033348235866,
                "support": 7088.0
            }
        },
        "test_report": {
            "0": {
                "precision": 0.9662188099808061,
                "recall": 0.9897758552890287,
                "f1-score": 0.9778554778554779,
                "support": 2543.0
            },
            "1": {
                "precision": 0.9400921658986175,
                "recall": 0.8225806451612904,
                "f1-score": 0.8774193548387097,
                "support": 496.0
            },
            "accuracy": 0.9624876604146101,
            "macro avg": {
                "precision": 0.9531554879397118,
                "recall": 0.9061782502251595,
                "f1-score": 0.9276374163470937,
                "support": 3039.0
            },
            "weighted avg": {
                "precision": 0.9619546390480105,
                "recall": 0.9624876604146101,
                "f1-score": 0.9614631392518855,
                "support": 3039.0
            }
        }
    },
    "LogisticRegression": {
        "train_report": {
            "0": {
                "precision": 0.9097266369993643,
                "recall": 0.9608863521907001,
                "f1-score": 0.9346069066862601,
                "support": 5957.0
            },
            "1": {
                "precision": 0.707286432160804,
                "recall": 0.497789566755084,
                "f1-score": 0.5843279709392839,
                "support": 1131.0
            },
            "accuracy": 0.8869920993227991,
            "macro avg": {
                "precision": 0.8085065345800841,
                "recall": 0.729337959472892,
                "f1-score": 0.759467438812772,
                "support": 7088.0
            },
            "weighted avg": {
                "precision": 0.8774241720342949,
                "recall": 0.8869920993227991,
                "f1-score": 0.8787144862108327,
                "support": 7088.0
            }
        },
        "test_report": {
            "0": {
                "precision": 0.9016212232866617,
                "recall": 0.9622493118364137,
                "f1-score": 0.9309492105763744,
                "support": 2543.0
            },
            "1": {
                "precision": 0.7046153846153846,
                "recall": 0.46169354838709675,
                "f1-score": 0.5578562728380024,
                "support": 496.0
            },
            "accuracy": 0.8805528134254689,
            "macro avg": {
                "precision": 0.8031183039510232,
                "recall": 0.7119714301117552,
                "f1-score": 0.7444027417071883,
                "support": 3039.0
            },
            "weighted avg": {
                "precision": 0.8694675885446566,
                "recall": 0.8805528134254689,
                "f1-score": 0.8700561216924544,
                "support": 3039.0
            }
        }
    }
}